Date,Low,Open,Volume,High,Close,Adjusted Close
2021-01-04,49.400001525878906,49.88999938964844,46102500,51.38999938964844,49.66999816894531,49.06810760498047
2021-01-05,49.33000183105469,49.45000076293945,24866600,50.83000183105469,50.61000061035156,49.99672317504883
2021-01-06,50.20000076293945,50.439998626708984,36809600,52.150001525878906,51.099998474121094,50.48077774047851
2021-01-07,51.29999923706055,51.4900016784668,32092300,52.689998626708984,52.189998626708984,51.55757141113281
2021-01-08,51.27000045776367,52.45000076293945,34625400,52.529998779296875,51.650001525878906,51.02412033081055
2021-01-11,51.25,51.290000915527344,32925000,52.2400016784668,51.540000915527344,50.91545104980469
2021-01-12,51.560001373291016,51.900001525878906,39883900,53.849998474121094,53.2400016784668,52.5948486328125
2021-01-13,56.900001525878906,59.5,124070700,60.25,56.95000076293945,56.25989532470703
2021-01-14,57.84000015258789,58.45000076293945,74680900,60.13999938964844,59.25,58.532020568847656
2021-01-15,57.5,58.849998474121094,50265400,59.650001525878906,57.58000183105469,56.88225936889648
2021-01-19,57.099998474121094,57.939998626708984,35647100,58.34000015258789,57.9900016784668,57.28729248046875
2021-01-20,58.09000015258789,58.2400016784668,28701300,59.220001220703125,58.66999816894531,57.95904922485352
2021-01-21,58.220001220703125,59.040000915527344,86519500,63.95000076293945,62.459999084472656,61.703121185302734
2021-01-22,56.650001525878906,58.849998474121094,85729300,59.619998931884766,56.65999984741211,55.97340393066406
2021-01-25,54.060001373291016,56.380001068115234,61968500,56.5,55.439998626708984,54.7681884765625
2021-01-26,54.849998474121094,55.279998779296875,31485900,56.20000076293945,55.209999084472656,54.540977478027344
2021-01-27,53.29999923706055,54.61000061035156,49722900,54.849998474121094,53.59000015258789,52.94060897827149
2021-01-28,54.70000076293945,54.790000915527344,49202600,57.400001525878906,56.06999969482422,55.39055633544922
2021-01-29,55.36000061035156,55.97999954223633,37256200,57.15999984741211,55.5099983215332,54.83734130859375
2021-02-01,55.709999084472656,55.95000076293945,26926600,57.38999938964844,56.689998626708984,56.0030403137207
2021-02-02,56.880001068115234,57.189998626708984,23580900,58.279998779296875,58.0,57.29716873168945
2021-02-03,57.380001068115234,57.88999938964844,21893200,58.33000183105469,57.68000030517578,56.981048583984375
2021-02-04,57.189998626708984,57.61000061035156,29853800,58.880001068115234,58.790000915527344,58.43012237548828
2021-02-05,58.119998931884766,59.0,23432600,59.08000183105469,58.18000030517578,57.823856353759766
2021-02-08,57.95000076293945,58.380001068115234,34358300,59.220001220703125,59.15999984741211,58.79785919189453
2021-02-09,57.939998626708984,58.77000045776367,28754100,59.310001373291016,58.779998779296875,58.42018127441406
2021-02-10,58.119998931884766,59.29999923706055,16325100,59.41999816894531,58.86000061035156,58.49969482421875
2021-02-11,58.86000061035156,59.099998474121094,27539100,60.9900016784668,60.65999984741211,60.28867721557617
2021-02-12,60.43000030517578,60.599998474121094,26214200,62.5099983215332,61.810001373291016,61.431636810302734
2021-02-16,61.70000076293945,62.0,26326300,62.869998931884766,62.470001220703125,62.08759689331055
2021-02-17,61.209999084472656,61.4900016784668,21055400,62.189998626708984,61.849998474121094,61.47138977050781
2021-02-18,60.63999938964844,60.650001525878906,17846100,61.97999954223633,61.61000061035156,61.23286056518555
2021-02-19,61.849998474121094,61.90999984741211,28290100,63.2599983215332,63.0099983215332,62.624290466308594
2021-02-22,60.65999984741211,61.880001068115234,32288200,62.70000076293945,60.709999084472656,60.3383674621582
2021-02-23,59.16999816894531,60.47999954223633,27374600,61.5,61.119998931884766,60.7458610534668
2021-02-24,60.380001068115234,60.529998779296875,24669900,63.279998779296875,63.189998626708984,62.80318832397461
2021-02-25,60.130001068115234,62.40999984741211,36394000,63.540000915527344,60.400001525878906,60.030269622802734
2021-02-26,59.68000030517578,60.88999938964844,38216800,61.689998626708984,60.779998779296875,60.40793991088867
2021-03-01,61.650001525878906,61.720001220703125,28495400,63.08000183105469,62.880001068115234,62.495086669921875
2021-03-02,61.11000061035156,62.79999923706055,23320000,63.13999938964844,61.2400016784668,60.86512756347656
2021-03-03,59.70000076293945,60.63999938964844,28740400,61.52000045776367,59.900001525878906,59.533329010009766
2021-03-04,57.90999984741211,59.83000183105469,40210400,60.2400016784668,58.33000183105469,57.97294235229492
2021-03-05,58.5099983215332,59.2599983215332,39511700,61.18000030517578,60.7400016784668,60.368186950683594
2021-03-08,59.720001220703125,60.470001220703125,33112400,61.70000076293945,59.849998474121094,59.4836311340332
2021-03-09,60.84000015258789,61.18000030517578,36387500,63.16999816894531,62.66999816894531,62.28636932373047
2021-03-10,62.130001068115234,63.220001220703125,27160300,64.12000274658203,62.25,61.86894226074219
2021-03-11,62.38999938964844,62.939998626708984,30701800,64.08999633789062,63.310001373291016,62.922454833984375
2021-03-12,62.2400016784668,62.650001525878906,20173000,63.29999923706055,62.900001525878906,62.51496505737305
2021-03-15,62.47999954223633,63.61000061035156,21247400,63.880001068115234,63.790000915527344,63.39951705932617
2021-03-16,64.08000183105469,64.1500015258789,30186600,65.7300033569336,64.77999877929688,64.38345336914062
2021-03-17,63.709999084472656,64.22000122070312,32394700,66.29000091552734,65.77999877929688,65.37733459472656
2021-03-18,63.650001525878906,65.62999725341797,30094200,65.69999694824219,63.72999954223633,63.339881896972656
2021-03-19,62.91999816894531,63.18000030517578,54951700,64.98999786376953,63.7599983215332,63.36969757080078
2021-03-22,64.55999755859375,64.81999969482422,34380100,66.37999725341797,65.62999725341797,65.2282485961914
2021-03-23,63.16999816894531,66.0,35160000,66.05000305175781,63.47999954223633,63.09141159057617
2021-03-24,61.9900016784668,66.58000183105469,74584700,67.44000244140625,62.040000915527344,61.66022872924805
2021-03-25,60.97999954223633,61.65999984741211,35401400,62.439998626708984,62.02000045776367,61.640350341796875
2021-03-26,61.77000045776367,61.79999923706055,34705800,64.97000122070312,64.87000274658203,64.47290802001953
2021-03-29,63.61000061035156,64.01000213623047,26161600,65.12999725341797,64.5,64.10517120361328
2021-03-30,63.150001525878906,63.77000045776367,20709500,64.0,63.77000045776367,63.379638671875
2021-03-31,63.58000183105469,64.01000213623047,33013200,64.48999786376953,64.0,63.60823059082031
2021-04-01,63.58000183105469,64.72000122070312,31416300,64.88999938964844,64.55000305175781,64.15486907958984
2021-04-05,64.69999694824219,64.94999694824219,27947500,66.73999786376953,66.54000091552734,66.13268280029297
2021-04-06,65.29000091552734,66.05999755859375,28771400,66.58000183105469,65.55999755859375,65.15867614746094
2021-04-07,65.36000061035156,65.66999816894531,17793300,66.56999969482422,66.25,65.8444595336914
2021-04-08,66.36000061035156,66.97000122070312,22224200,67.29000091552734,67.05000305175781,66.63956451416016
2021-04-09,66.62999725341797,66.80000305175781,27177100,68.4000015258789,68.26000213623047,67.84215545654297
2021-04-12,64.70999908447266,68.19999694824219,51266900,68.48999786376953,65.41000366210938,65.00960540771484
2021-04-13,64.20999908447266,65.61000061035156,26822000,65.62999725341797,65.22000122070312,64.82076263427734
2021-04-14,63.84000015258789,65.30999755859375,25768400,65.37999725341797,64.19000244140625,63.79706954956055
2021-04-15,63.68000030517578,63.970001220703125,24927700,65.22000122070312,65.0199966430664,64.62198638916016
2021-04-16,64.56999969482422,65.33000183105469,24625500,65.5199966430664,64.75,64.3536376953125
2021-04-19,63.06999969482422,64.69999694824219,23997700,64.73999786376953,63.630001068115234,63.24049758911133
2021-04-20,62.40999984741211,63.63999938964844,19872100,63.7599983215332,62.70000076293945,62.31618881225586
2021-04-21,62.29999923706055,62.790000915527344,24364200,63.779998779296875,63.70000076293945,63.31006622314453
2021-04-22,62.279998779296875,63.349998474121094,38257600,63.90999984741211,62.56999969482422,62.18698501586914
2021-04-23,57.900001525878906,59.15999984741211,77479500,60.0,59.2400016784668,58.87736892700195
2021-04-26,58.459999084472656,59.099998474121094,39645900,59.52000045776367,58.7599983215332,58.40030670166016
2021-04-27,57.77000045776367,58.560001373291016,38167700,58.630001068115234,57.970001220703125,57.615142822265625
2021-04-28,57.150001525878906,57.52000045776367,30387400,58.15999984741211,57.619998931884766,57.26728439331055
2021-04-29,57.470001220703125,57.880001068115234,23290600,58.29999923706055,58.279998779296875,57.92324447631836
2021-04-30,57.06999969482422,57.61000061035156,30731800,58.43000030517578,57.529998779296875,57.177833557128906
2021-05-03,56.84000015258789,57.86000061035156,22281700,57.880001068115234,57.2599983215332,56.90948867797851
2021-05-04,55.810001373291016,56.880001068115234,35323600,56.97999954223633,56.900001525878906,56.55169296264648
2021-05-05,56.459999084472656,56.959999084472656,21001900,57.29999923706055,56.849998474121094,56.50199890136719
2021-05-06,56.25,56.619998931884766,25529300,57.25,57.189998626708984,57.189998626708984
2021-05-07,57.2400016784668,57.70000076293945,19959000,58.0099983215332,57.66999816894531,57.66999816894531
2021-05-10,55.880001068115234,57.150001525878906,35046500,57.22999954223633,55.970001220703125,55.970001220703125
2021-05-11,54.29999923706055,55.04999923706055,35968100,55.630001068115234,55.040000915527344,55.040000915527344
2021-05-12,53.41999816894531,54.38999938964844,30232300,54.650001525878906,53.619998931884766,53.619998931884766
2021-05-13,53.459999084472656,54.040000915527344,29192500,54.38999938964844,54.0099983215332,54.0099983215332
2021-05-14,54.2599983215332,54.599998474121094,28158300,55.849998474121094,55.349998474121094,55.349998474121094
2021-05-17,54.7599983215332,55.290000915527344,20010200,55.88999938964844,55.33000183105469,55.33000183105469
2021-05-18,54.79999923706055,55.95000076293945,18703400,56.13999938964844,54.84000015258789,54.84000015258789
2021-05-19,53.84000015258789,54.06999969482422,23769700,55.43000030517578,55.36000061035156,55.36000061035156
2021-05-20,55.36000061035156,55.56999969482422,23145200,56.2400016784668,55.95000076293945,55.95000076293945
2021-05-21,55.97999954223633,56.41999816894531,17723100,56.709999084472656,56.08000183105469,56.08000183105469
2021-05-24,56.400001525878906,56.650001525878906,19164400,57.38999938964844,56.959999084472656,56.959999084472656
2021-05-25,56.41999816894531,57.560001373291016,22309900,57.560001373291016,56.869998931884766,56.869998931884766
2021-05-26,56.59000015258789,57.04999923706055,15173600,57.22999954223633,56.91999816894531,56.91999816894531
2021-05-27,57.0,57.11000061035156,32387600,57.880001068115234,57.72999954223633,57.72999954223633
2021-05-28,56.939998626708984,57.54999923706055,20303900,57.650001525878906,57.119998931884766,57.119998931884766
2021-06-01,56.59000015258789,57.61000061035156,20326400,57.81999969482422,56.88999938964844,56.88999938964844
2021-06-02,56.7599983215332,56.90999984741211,18483600,57.689998626708984,57.47999954223633,57.47999954223633
2021-06-03,56.09000015258789,56.97999954223633,21831300,57.099998474121094,56.2400016784668,56.2400016784668
2021-06-04,56.540000915527344,56.54999923706055,21493800,57.75,57.369998931884766,57.369998931884766
2021-06-07,56.779998779296875,57.40999984741211,17364400,57.439998626708984,57.09000015258789,57.09000015258789
2021-06-08,56.599998474121094,57.45000076293945,33254500,57.63999938964844,57.0,57.0
2021-06-09,56.970001220703125,57.36000061035156,13904800,57.47999954223633,57.0,57.0
2021-06-10,56.93000030517578,57.150001525878906,26738100,58.029998779296875,57.380001068115234,57.380001068115234
2021-06-11,56.95000076293945,57.470001220703125,18119700,57.939998626708984,57.849998474121094,57.849998474121094
2021-06-14,57.22999954223633,58.02000045776367,21784500,58.20000076293945,58.189998626708984,58.189998626708984
2021-06-15,57.79999923706055,58.209999084472656,20806500,58.41999816894531,57.9900016784668,57.9900016784668
2021-06-16,56.77000045776367,58.150001525878906,21879700,58.369998931884766,57.220001220703125,57.220001220703125
2021-06-17,56.70000076293945,57.04999923706055,21498800,57.900001525878906,57.18000030517578,57.18000030517578
2021-06-18,55.099998474121094,56.68000030517578,55118300,56.75,55.66999816894531,55.66999816894531
2021-06-21,55.369998931884766,55.75,19254600,56.040000915527344,55.869998931884766,55.869998931884766
2021-06-22,55.5,55.939998626708984,18682800,56.279998779296875,55.869998931884766,55.869998931884766
2021-06-23,55.22999954223633,55.869998931884766,20287900,55.970001220703125,55.2599983215332,55.2599983215332
2021-06-24,55.34000015258789,55.4900016784668,21209700,56.099998474121094,56.06999969482422,56.06999969482422
2021-06-25,55.75,56.02000045776367,21101200,56.40999984741211,55.90999984741211,55.90999984741211
2021-06-28,56.34000015258789,56.36000061035156,22480900,57.72999954223633,57.47999954223633,57.47999954223633
2021-06-29,55.880001068115234,57.54999923706055,26360000,57.83000183105469,56.75,56.75
2021-06-30,55.38999938964844,56.34000015258789,29891600,56.380001068115234,56.13999938964844,56.13999938964844
2021-07-01,55.869998931884766,56.130001068115234,24871600,56.63999938964844,56.0099983215332,56.0099983215332
2021-07-02,56.31999969482422,56.54999923706055,17219400,56.9900016784668,56.7599983215332,56.7599983215332
2021-07-06,55.70000076293945,56.91999816894531,26186600,57.0099983215332,56.09000015258789,56.09000015258789
2021-07-07,55.709999084472656,56.369998931884766,14857400,56.45000076293945,55.959999084472656,55.959999084472656
2021-07-08,54.790000915527344,55.310001373291016,19162000,55.720001220703125,55.38999938964844,55.38999938964844
2021-07-09,55.310001373291016,55.5099983215332,18708000,56.11000061035156,55.9900016784668,55.9900016784668
2021-07-12,56.11000061035156,56.2599983215332,15392800,56.7599983215332,56.72999954223633,56.72999954223633
2021-07-13,56.34000015258789,56.619998931884766,15716000,57.29999923706055,56.869998931884766,56.869998931884766
2021-07-14,56.33000183105469,57.16999816894531,16263600,57.459999084472656,56.52000045776367,56.52000045776367
2021-07-15,55.56999969482422,56.400001525878906,18917000,56.400001525878906,55.810001373291016,55.810001373291016
2021-07-16,54.900001525878906,56.04999923706055,25263800,56.93000030517578,54.970001220703125,54.970001220703125
2021-07-19,53.970001220703125,54.40999984741211,27007700,54.810001373291016,54.63999938964844,54.63999938964844
2021-07-20,54.27000045776367,54.91999816894531,19867000,55.560001373291016,55.2400016784668,55.2400016784668
2021-07-21,55.0099983215332,55.18000030517578,18497200,56.279998779296875,56.22999954223633,56.22999954223633
2021-07-22,55.68000030517578,56.060001373291016,36691000,56.540000915527344,55.959999084472656,55.959999084472656
2021-07-23,52.31999969482422,54.58000183105469,67742300,54.709999084472656,53.0,53.0
2021-07-26,52.7599983215332,52.810001373291016,32881200,54.540000915527344,54.310001373291016,54.310001373291016
2021-07-27,52.310001373291016,53.119998931884766,39878000,53.20000076293945,53.18000030517578,53.18000030517578
2021-07-28,52.939998626708984,53.029998779296875,28478800,53.91999816894531,53.06999969482422,53.06999969482422
2021-07-29,53.31999969482422,53.47999954223633,16886600,54.099998474121094,53.70000076293945,53.70000076293945
2021-07-30,53.25,53.650001525878906,16465700,53.900001525878906,53.720001220703125,53.720001220703125
2021-08-02,53.540000915527344,53.9900016784668,18098100,54.470001220703125,53.68000030517578,53.68000030517578
2021-08-03,53.2599983215332,53.88999938964844,16375900,54.15999984741211,54.060001373291016,54.060001373291016
2021-08-04,53.70000076293945,54.25,17612700,54.439998626708984,53.900001525878906,53.900001525878906
2021-08-05,53.58000183105469,53.9900016784668,15310000,54.02000045776367,53.88999938964844,53.88999938964844
2021-08-06,53.72999954223633,53.86000061035156,19256000,54.130001068115234,53.91999816894531,53.91999816894531
2021-08-09,53.83000183105469,54.08000183105469,14670100,54.40999984741211,54.04999923706055,54.04999923706055
2021-08-10,53.5099983215332,54.2400016784668,16215700,54.38999938964844,53.939998626708984,53.939998626708984
2021-08-11,53.84000015258789,54.2599983215332,18590800,54.36000061035156,54.13999938964844,54.13999938964844
2021-08-12,53.2599983215332,54.16999816894531,15070100,54.18000030517578,53.540000915527344,53.540000915527344
2021-08-13,53.060001373291016,53.5,15281100,53.560001373291016,53.4900016784668,53.4900016784668
2021-08-16,53.0,53.22999954223633,17690300,53.4900016784668,53.470001220703125,53.470001220703125
2021-08-17,52.220001220703125,53.16999816894531,22014900,53.18000030517578,52.689998626708984,52.689998626708984
2021-08-18,52.11000061035156,52.599998474121094,15061700,53.029998779296875,52.189998626708984,52.189998626708984
2021-08-19,51.58000183105469,52.04999923706055,22999400,52.66999816894531,52.439998626708984,52.439998626708984
2021-08-20,51.41999816894531,52.15999984741211,25728300,52.380001068115234,52.0099983215332,52.0099983215332
2021-08-23,52.47999954223633,52.59000015258789,23976300,53.540000915527344,53.22999954223633,53.22999954223633
2021-08-24,53.310001373291016,53.560001373291016,20348800,53.970001220703125,53.810001373291016,53.810001373291016
2021-08-25,53.72999954223633,54.08000183105469,15048400,54.22999954223633,53.810001373291016,53.810001373291016
2021-08-26,52.970001220703125,53.75,19570000,53.75,53.130001068115234,53.130001068115234
2021-08-27,52.91999816894531,53.36000061035156,16525000,53.939998626708984,53.88999938964844,53.88999938964844
2021-08-30,53.7599983215332,54.2599983215332,14581300,54.869998931884766,53.939998626708984,53.939998626708984
2021-08-31,53.65999984741211,54.439998626708984,22350100,54.5,54.060001373291016,54.060001373291016
2021-09-01,53.529998779296875,54.11000061035156,18615000,54.15999984741211,53.66999816894531,53.66999816894531
2021-09-02,53.349998474121094,53.79999923706055,15869500,53.88999938964844,53.72999954223633,53.72999954223633
2021-09-03,53.31999969482422,53.439998626708984,13456200,54.08000183105469,53.5099983215332,53.5099983215332
2021-09-07,53.439998626708984,53.56999969482422,13915000,53.95000076293945,53.650001525878906,53.650001525878906
2021-09-08,52.9900016784668,53.72999954223633,18235100,53.91999816894531,53.56999969482422,53.56999969482422
2021-09-09,53.34000015258789,53.65999984741211,13495800,53.88999938964844,53.400001525878906,53.400001525878906
2021-09-10,53.810001373291016,53.849998474121094,20324700,54.97999954223633,53.84000015258789,53.84000015258789
2021-09-13,54.40999984741211,54.61000061035156,22639200,55.4900016784668,54.9900016784668,54.9900016784668
2021-09-14,54.27000045776367,55.369998931884766,22072700,55.439998626708984,54.52000045776367,54.52000045776367
2021-09-15,54.41999816894531,54.66999816894531,18796200,55.150001525878906,55.119998931884766,55.119998931884766
2021-09-16,54.2400016784668,54.86000061035156,19863100,54.95000076293945,54.83000183105469,54.83000183105469
2021-09-17,53.66999816894531,54.59000015258789,35359200,54.59000015258789,54.2599983215332,54.2599983215332
2021-09-20,52.31999969482422,53.209999084472656,35051900,53.5,52.97999954223633,52.97999954223633
2021-09-21,52.83000183105469,53.20000076293945,17968900,53.45000076293945,52.869998931884766,52.869998931884766
2021-09-22,53.0,53.400001525878906,18594100,53.869998931884766,53.5,53.5
2021-09-23,53.599998474121094,53.75,16474300,54.29999923706055,54.029998779296875,54.029998779296875
2021-09-24,53.72999954223633,53.779998779296875,12976200,54.41999816894531,54.220001220703125,54.220001220703125
2021-09-27,53.81999969482422,53.939998626708984,13899900,54.869998931884766,54.65999984741211,54.65999984741211
2021-09-28,53.959999084472656,54.18000030517578,24691300,54.59000015258789,54.0,54.0
2021-09-29,53.18000030517578,54.0,20514300,54.04999923706055,53.4900016784668,53.4900016784668
2021-09-30,53.2599983215332,53.7599983215332,20534100,53.97999954223633,53.279998779296875,53.279998779296875
2021-10-01,53.04999923706055,53.650001525878906,19895100,54.11000061035156,53.86000061035156,53.86000061035156
2021-10-04,53.08000183105469,53.93000030517578,27353300,54.33000183105469,53.470001220703125,53.470001220703125
2021-10-05,53.47999954223633,53.54999923706055,18129400,54.34000015258789,53.95000076293945,53.95000076293945
2021-10-06,53.06999969482422,53.47999954223633,20059600,54.06999969482422,53.97999954223633,53.97999954223633
2021-10-07,54.119998931884766,54.31999969482422,20704400,54.9900016784668,54.18000030517578,54.18000030517578
2021-10-08,53.70000076293945,54.54999923706055,16068000,54.58000183105469,53.810001373291016,53.810001373291016
2021-10-11,53.41999816894531,53.810001373291016,14398800,54.40999984741211,53.439998626708984,53.439998626708984
2021-10-12,52.0099983215332,53.56999969482422,32784300,53.720001220703125,52.16999816894531,52.16999816894531
2021-10-13,51.869998931884766,52.380001068115234,18534000,52.58000183105469,52.2599983215332,52.2599983215332
2021-10-14,52.72999954223633,52.900001525878906,26586700,54.0,53.900001525878906,53.900001525878906
2021-10-15,53.810001373291016,54.20000076293945,25231100,54.4900016784668,54.459999084472656,54.459999084472656
2021-10-18,53.720001220703125,54.189998626708984,22407600,54.560001373291016,54.470001220703125,54.470001220703125
2021-10-19,54.369998931884766,54.630001068115234,18392900,55.220001220703125,55.209999084472656,55.209999084472656
2021-10-20,55.08000183105469,55.25,16850300,55.4900016784668,55.369998931884766,55.369998931884766
2021-10-21,54.83000183105469,54.93000030517578,38390900,56.06999969482422,56.0,56.0
2021-10-22,49.13999938964844,50.38999938964844,109971900,50.54999923706055,49.459999084472656,49.459999084472656
2021-10-25,49.310001373291016,49.83000183105469,43178800,50.06999969482422,49.40999984741211,49.40999984741211
2021-10-26,47.93000030517578,49.400001525878906,68405400,49.439998626708984,48.279998779296875,48.279998779296875
2021-10-27,47.869998931884766,48.52000045776367,41081500,48.81999969482422,47.88999938964844,47.88999938964844
2021-10-28,47.880001068115234,48.13999938964844,31317200,48.36000061035156,48.08000183105469,48.08000183105469
2021-10-29,47.91999816894531,48.099998474121094,42301000,49.279998779296875,49.0,49.0
2021-11-01,49.0,49.400001525878906,28013700,49.599998474121094,49.54999923706055,49.54999923706055
2021-11-02,49.22999954223633,49.61000061035156,27193300,49.900001525878906,49.86000061035156,49.86000061035156
2021-11-03,49.709999084472656,49.93000030517578,23962100,50.45000076293945,50.38999938964844,50.38999938964844
2021-11-04,49.72999954223633,50.2400016784668,24806000,50.349998474121094,50.310001373291016,50.310001373291016
2021-11-05,50.540000915527344,50.54999923706055,36816200,51.58000183105469,50.91999816894531,50.91999816894531
2021-11-08,51.060001373291016,51.459999084472656,31647800,51.9900016784668,51.54999923706055,51.54999923706055
2021-11-09,50.77000045776367,51.540000915527344,22508400,51.77000045776367,51.20000076293945,51.20000076293945
2021-11-10,50.709999084472656,50.97999954223633,25040700,51.38999938964844,50.7599983215332,50.7599983215332
2021-11-11,50.40999984741211,51.0099983215332,25420000,51.06999969482422,50.529998779296875,50.529998779296875
2021-11-12,50.18000030517578,50.599998474121094,23884800,50.900001525878906,50.310001373291016,50.310001373291016
2021-11-15,50.119998931884766,50.40999984741211,24695800,50.630001068115234,50.31999969482422,50.31999969482422
2021-11-16,50.34000015258789,50.369998931884766,30927800,51.150001525878906,50.61000061035156,50.61000061035156
2021-11-17,49.97999954223633,50.599998474121094,23546900,50.939998626708984,50.22999954223633,50.22999954223633
2021-11-18,48.970001220703125,50.2400016784668,30658200,50.2400016784668,49.68000030517578,49.68000030517578
2021-11-19,49.2400016784668,49.599998474121094,27607600,49.72999954223633,49.52000045776367,49.52000045776367
2021-11-22,49.40999984741211,49.54999923706055,33389600,50.849998474121094,49.83000183105469,49.83000183105469
2021-11-23,48.63999938964844,50.15999984741211,44713300,50.45000076293945,49.099998474121094,49.099998474121094
2021-11-24,48.630001068115234,48.86000061035156,26035800,49.779998779296875,49.7599983215332,49.7599983215332
2021-11-26,48.119998931884766,48.900001525878906,25269000,49.18000030517578,48.779998779296875,48.779998779296875
2021-11-29,48.720001220703125,49.29999923706055,31478900,50.130001068115234,50.0,50.0
2021-11-30,48.68000030517578,49.5,49460800,50.400001525878906,49.20000076293945,49.20000076293945
2021-12-01,48.52000045776367,49.84000015258789,35093500,50.310001373291016,48.599998474121094,48.599998474121094
2021-12-02,48.33000183105469,48.61000061035156,37240800,49.790000915527344,49.5,49.5
2021-12-03,48.7599983215332,49.68000030517578,32224900,50.060001373291016,49.25,49.25
2021-12-06,49.18000030517578,49.47999954223633,40336000,51.209999084472656,50.9900016784668,50.9900016784668
2021-12-07,52.209999084472656,54.65999984741211,91731500,55.0,52.56999969482422,52.56999969482422
2021-12-08,51.380001068115234,52.56999969482422,37143400,52.880001068115234,51.75,51.75
2021-12-09,50.43000030517578,51.29999923706055,31694200,51.59000015258789,50.47999954223633,50.47999954223633
2021-12-10,50.04999923706055,50.84000015258789,23783600,51.06999969482422,50.59000015258789,50.59000015258789
2021-12-13,49.95000076293945,50.849998474121094,35726900,51.02000045776367,50.0,50.0
2021-12-14,49.31999969482422,49.81999969482422,34120400,50.27000045776367,49.70000076293945,49.70000076293945
2021-12-15,49.33000183105469,49.869998931884766,32590300,50.779998779296875,50.66999816894531,50.66999816894531
2021-12-16,50.58000183105469,50.7400016784668,33132300,51.400001525878906,50.83000183105469,50.83000183105469
2021-12-17,50.0099983215332,50.59000015258789,50102300,51.02000045776367,50.619998931884766,50.619998931884766
2021-12-20,48.959999084472656,49.90999984741211,30140300,50.130001068115234,49.599998474121094,49.599998474121094
2021-12-21,49.939998626708984,49.939998626708984,31956300,50.84000015258789,50.77000045776367,50.77000045776367
2021-12-22,50.209999084472656,50.63999938964844,23307900,51.02000045776367,50.970001220703125,50.970001220703125
2021-12-23,51.04999923706055,51.08000183105469,25198200,51.72999954223633,51.310001373291016,51.310001373291016
2021-12-27,51.29999923706055,51.349998474121094,20985400,52.060001373291016,51.939998626708984,51.939998626708984
2021-12-28,51.630001068115234,51.93000030517578,19290400,52.119998931884766,51.7599983215332,51.7599983215332
2021-12-29,51.65999984741211,51.810001373291016,14174800,52.13999938964844,51.83000183105469,51.83000183105469
2021-12-30,51.650001525878906,51.91999816894531,18359400,52.13999938964844,51.7400016784668,51.7400016784668
2021-12-31,51.459999084472656,51.88999938964844,16319000,52.15999984741211,51.5,51.5
2022-01-03,51.599998474121094,51.650001525878906,33857600,53.22999954223633,53.209999084472656,53.209999084472656
2022-01-04,52.650001525878906,53.56999969482422,45681400,53.939998626708984,53.13999938964844,53.13999938964844
2022-01-05,53.83000183105469,54.189998626708984,59109300,56.16999816894531,53.869998931884766,53.869998931884766
2022-01-06,53.41999816894531,54.61000061035156,35757900,54.66999816894531,54.0099983215332,54.0099983215332
2022-01-07,53.150001525878906,54.189998626708984,30717200,54.38999938964844,53.439998626708984,53.439998626708984
2022-01-10,53.310001373291016,53.970001220703125,49260800,55.310001373291016,55.209999084472656,55.209999084472656
2022-01-11,54.72999954223633,55.5,39795200,56.08000183105469,55.90999984741211,55.90999984741211
2022-01-12,54.810001373291016,56.13999938964844,29136800,56.279998779296875,55.7400016784668,55.7400016784668
2022-01-13,54.77000045776367,56.0,29605400,56.209999084472656,54.939998626708984,54.939998626708984
2022-01-14,54.529998779296875,54.849998474121094,30151500,55.77000045776367,55.70000076293945,55.70000076293945
2022-01-18,54.68000030517578,55.310001373291016,35313800,55.650001525878906,54.7599983215332,54.7599983215332
2022-01-19,53.560001373291016,54.630001068115234,30595100,54.849998474121094,53.619998931884766,53.619998931884766
2022-01-20,51.939998626708984,53.86000061035156,28582600,54.09000015258789,52.040000915527344,52.040000915527344
2022-01-21,51.95000076293945,52.08000183105469,46372400,53.130001068115234,52.040000915527344,52.040000915527344
2022-01-24,49.880001068115234,51.47999954223633,64198400,52.130001068115234,51.939998626708984,51.939998626708984
2022-01-25,50.25,51.0099983215332,44095400,51.619998931884766,51.0,51.0
2022-01-26,50.75,51.130001068115234,54895400,52.720001220703125,51.689998626708984,51.689998626708984
2022-01-27,47.779998779296875,49.97999954223633,89642800,50.060001373291016,48.04999923706055,48.04999923706055
2022-01-28,46.29999923706055,47.709999084472656,61945400,48.20000076293945,47.72999954223633,47.72999954223633
2022-01-31,47.310001373291016,47.68000030517578,51828400,48.869998931884766,48.81999969482422,48.81999969482422
2022-02-01,48.36000061035156,48.779998779296875,35386100,49.029998779296875,48.95000076293945,48.95000076293945
2022-02-02,48.09000015258789,48.25,37962700,49.58000183105469,49.5099983215332,49.5099983215332
2022-02-03,48.25,49.25,42145800,49.689998626708984,48.279998779296875,48.279998779296875
2022-02-04,47.130001068115234,47.86000061035156,32431500,48.2400016784668,48.0099983215332,48.0099983215332
2022-02-07,47.959999084472656,48.130001068115234,27558500,48.65999984741211,48.18000030517578,48.18000030517578
2022-02-08,47.900001525878906,47.97999954223633,28051200,48.939998626708984,48.810001373291016,48.810001373291016
2022-02-09,48.83000183105469,49.33000183105469,35217300,49.970001220703125,49.90999984741211,49.90999984741211
2022-02-10,48.7599983215332,49.18000030517578,32762700,49.93000030517578,48.86000061035156,48.86000061035156
2022-02-11,47.5,48.95000076293945,37208200,49.11000061035156,47.630001068115234,47.630001068115234
2022-02-14,47.11000061035156,47.91999816894531,28456900,48.18000030517578,47.58000183105469,47.58000183105469
2022-02-15,47.189998626708984,47.70000076293945,35837900,48.459999084472656,48.439998626708984,48.439998626708984
2022-02-16,47.599998474121094,48.060001373291016,26022900,48.4900016784668,48.22999954223633,48.22999954223633
2022-02-17,47.380001068115234,47.86000061035156,32030600,48.2599983215332,47.56999969482422,47.56999969482422
2022-02-18,44.5099983215332,46.189998626708984,76520100,46.209999084472656,45.040000915527344,45.040000915527344
2022-02-22,43.849998474121094,44.689998626708984,57093300,45.40999984741211,44.689998626708984,44.689998626708984
2022-02-23,44.54999923706055,45.16999816894531,38176700,45.709999084472656,44.650001525878906,44.650001525878906
2022-02-24,43.630001068115234,43.900001525878906,72740100,46.790000915527344,46.720001220703125,46.720001220703125
2022-02-25,46.25,46.93000030517578,39266300,47.790000915527344,47.709999084472656,47.709999084472656
2022-02-28,46.849998474121094,47.0,41946100,47.81999969482422,47.70000076293945,47.70000076293945
2022-03-01,46.220001220703125,47.540000915527344,53853000,47.900001525878906,46.81999969482422,46.81999969482422
2022-03-02,47.47999954223633,47.52000045776367,46936500,48.9900016784668,48.869998931884766,48.869998931884766
2022-03-03,47.619998931884766,48.18000030517578,36389900,48.54999923706055,47.93000030517578,47.93000030517578
2022-03-04,47.369998931884766,47.369998931884766,38310700,48.27000045776367,48.06999969482422,48.06999969482422
2022-03-07,47.599998474121094,48.0099983215332,43813700,48.540000915527344,47.68000030517578,47.68000030517578
2022-03-08,46.88999938964844,47.689998626708984,44813900,48.720001220703125,47.5,47.5
2022-03-09,46.88999938964844,48.40999984741211,36076500,48.459999084472656,47.630001068115234,47.630001068115234
2022-03-10,46.15999984741211,47.290000915527344,36456000,47.310001373291016,46.65999984741211,46.65999984741211
2022-03-11,45.77000045776367,47.150001525878906,27082100,47.279998779296875,45.83000183105469,45.83000183105469
2022-03-14,44.29999923706055,45.900001525878906,35993900,45.97999954223633,44.400001525878906,44.400001525878906
2022-03-15,44.06999969482422,44.5,34448900,44.900001525878906,44.810001373291016,44.810001373291016
2022-03-16,45.27000045776367,45.29999923706055,38885500,46.630001068115234,46.630001068115234,46.630001068115234
2022-03-17,45.72999954223633,46.31999969482422,28555000,47.290000915527344,47.13999938964844,47.13999938964844
2022-03-18,46.349998474121094,46.81999969482422,46237100,47.599998474121094,47.45000076293945,47.45000076293945
2022-03-21,47.06999969482422,47.459999084472656,32910900,47.88999938964844,47.38999938964844,47.38999938964844
2022-03-22,47.400001525878906,47.5,27923300,48.470001220703125,48.38999938964844,48.38999938964844
2022-03-23,48.060001373291016,48.459999084472656,37126400,49.58000183105469,48.27000045776367,48.27000045776367
2022-03-24,48.59000015258789,48.65999984741211,51677900,51.650001525878906,51.619998931884766,51.619998931884766
2022-03-25,50.45000076293945,50.689998626708984,33239800,51.97999954223633,51.83000183105469,51.83000183105469
2022-03-28,50.560001373291016,51.36000061035156,22932400,51.56999969482422,51.5099983215332,51.5099983215332
2022-03-29,51.279998779296875,52.0,27303700,52.290000915527344,52.25,52.25
2022-03-30,51.220001220703125,52.25,24623300,52.5099983215332,51.43000030517578,51.43000030517578
2022-03-31,49.5099983215332,51.20000076293945,43698300,51.2599983215332,49.560001373291016,49.560001373291016
2022-04-01,47.33000183105469,49.83000183105469,46598600,49.900001525878906,48.11000061035156,48.11000061035156
2022-04-04,47.91999816894531,48.16999816894531,23784900,49.22999954223633,49.20000076293945,49.20000076293945
2022-04-05,48.02000045776367,48.83000183105469,25779200,48.97999954223633,48.130001068115234,48.130001068115234
2022-04-06,47.2400016784668,47.439998626708984,31518700,48.16999816894531,47.540000915527344,47.540000915527344
2022-04-07,46.77000045776367,47.43000030517578,24117000,47.90999984741211,47.560001373291016,47.560001373291016
2022-04-08,46.849998474121094,47.279998779296875,22167300,47.58000183105469,47.02000045776367,47.02000045776367
2022-04-11,46.529998779296875,46.900001525878906,30352500,47.29999923706055,46.56999969482422,46.56999969482422
2022-04-12,46.40999984741211,47.31999969482422,29861400,47.90999984741211,46.5,46.5
2022-04-13,46.54999923706055,46.75,22171300,47.27000045776367,47.0099983215332,47.0099983215332
2022-04-14,45.619998931884766,46.75,36181800,46.75,45.66999816894531,45.66999816894531
2022-04-18,45.52000045776367,45.529998779296875,25593100,46.88999938964844,46.63999938964844,46.63999938964844
2022-04-19,46.34000015258789,46.599998474121094,31483100,48.0,47.93000030517578,47.93000030517578
2022-04-20,47.97999954223633,48.36000061035156,22787100,48.75,48.11000061035156,48.11000061035156
2022-04-21,47.400001525878906,48.619998931884766,27316900,48.900001525878906,47.5,47.5
2022-04-22,46.5,47.45000076293945,28219900,47.650001525878906,46.540000915527344,46.540000915527344
2022-04-25,46.18000030517578,46.209999084472656,35999300,47.13999938964844,47.060001373291016,47.060001373291016
2022-04-26,45.5099983215332,46.689998626708984,35356600,46.84000015258789,45.52000045776367,45.52000045776367
2022-04-27,45.0099983215332,45.47999954223633,28320900,46.060001373291016,45.220001220703125,45.220001220703125
2022-04-28,45.540000915527344,45.790000915527344,41097000,47.27000045776367,46.84000015258789,46.84000015258789
2022-04-29,43.5,44.9900016784668,70765900,45.36000061035156,43.59000015258789,43.59000015258789
2022-05-02,43.5099983215332,43.720001220703125,45446500,44.9900016784668,44.959999084472656,44.959999084472656
2022-05-03,44.22999954223633,44.790000915527344,40158400,45.4900016784668,45.060001373291016,45.060001373291016
2022-05-04,44.40999984741211,45.060001373291016,44625600,46.63999938964844,46.540000915527344,46.540000915527344
2022-05-05,44.130001068115234,45.599998474121094,52996700,45.90999984741211,44.599998474121094,44.599998474121094
2022-05-06,43.84000015258789,44.4900016784668,40916600,45.150001525878906,44.29999923706055,44.29999923706055
2022-05-09,42.869998931884766,43.810001373291016,44925800,44.20000076293945,43.06999969482422,43.06999969482422
2022-05-10,43.5,44.349998474121094,42770000,44.7400016784668,44.0099983215332,44.0099983215332
2022-05-11,42.779998779296875,44.02000045776367,40351700,44.290000915527344,42.83000183105469,42.83000183105469
2022-05-12,42.0099983215332,42.72999954223633,42329600,42.90999984741211,42.84000015258789,42.84000015258789
2022-05-13,42.970001220703125,43.41999816894531,32034100,43.84000015258789,43.599998474121094,43.599998474121094
2022-05-16,42.790000915527344,43.41999816894531,25071900,43.61000061035156,43.08000183105469,43.08000183105469
2022-05-17,43.650001525878906,43.81999969482422,28596600,44.41999816894531,44.400001525878906,44.400001525878906
2022-05-18,42.220001220703125,43.97999954223633,35218400,43.97999954223633,42.349998474121094,42.349998474121094
2022-05-19,41.720001220703125,42.31999969482422,29181000,42.70000076293945,42.0099983215332,42.0099983215332
2022-05-20,40.310001373291016,42.25,44802300,42.290000915527344,41.650001525878906,41.650001525878906
2022-05-23,41.33000183105469,41.689998626708984,27199500,42.25,42.0,42.0
2022-05-24,41.099998474121094,41.70000076293945,29837500,41.88999938964844,41.66999816894531,41.66999816894531
2022-05-25,41.38999938964844,41.439998626708984,26283100,42.52000045776367,42.20000076293945,42.20000076293945
2022-05-26,42.08000183105469,42.16999816894531,28826700,43.68000030517578,43.47999954223633,43.47999954223633
2022-05-27,43.54999923706055,43.59000015258789,30553300,44.54999923706055,44.54999923706055,44.54999923706055
2022-05-31,43.650001525878906,44.25,41111500,44.75,44.41999816894531,44.41999816894531
2022-06-01,43.529998779296875,44.77000045776367,29885500,44.93000030517578,44.11000061035156,44.11000061035156
2022-06-02,43.939998626708984,44.189998626708984,28727600,44.880001068115234,44.84000015258789,44.84000015258789
2022-06-03,43.34000015258789,44.11000061035156,33174700,44.25,43.38999938964844,43.38999938964844
2022-06-06,43.08000183105469,43.810001373291016,25437100,44.040000915527344,43.34000015258789,43.34000015258789
2022-06-07,42.65999984741211,43.060001373291016,25168700,43.59000015258789,43.529998779296875,43.529998779296875
2022-06-08,41.029998779296875,42.25,59649900,42.2599983215332,41.22999954223633,41.22999954223633
2022-06-09,40.0099983215332,41.0099983215332,39047200,41.349998474121094,40.0099983215332,40.0099983215332
2022-06-10,39.18000030517578,39.849998474121094,43066200,40.08000183105469,39.18000030517578,39.18000030517578
2022-06-13,37.66999816894531,38.54999923706055,50335900,38.810001373291016,37.77000045776367,37.77000045776367
2022-06-14,37.540000915527344,38.0099983215332,31351700,38.20000076293945,37.93000030517578,37.93000030517578
2022-06-15,37.91999816894531,38.560001373291016,37652300,39.16999816894531,38.650001525878906,38.650001525878906
2022-06-16,36.93000030517578,37.70000076293945,45576500,37.790000915527344,37.34000015258789,37.34000015258789
2022-06-17,36.599998474121094,37.47999954223633,71393200,38.119998931884766,36.970001220703125,36.970001220703125
2022-06-21,37.33000183105469,37.36000061035156,34004900,38.029998779296875,37.72999954223633,37.72999954223633
2022-06-22,37.220001220703125,37.33000183105469,32571000,37.77000045776367,37.380001068115234,37.380001068115234
2022-06-23,36.90999984741211,37.61000061035156,30163000,37.619998931884766,37.40999984741211,37.40999984741211
2022-06-24,37.7400016784668,37.849998474121094,38159900,38.63999938964844,38.61000061035156,38.61000061035156
2022-06-27,38.470001220703125,38.869998931884766,29585300,39.060001373291016,38.630001068115234,38.630001068115234
2022-06-28,37.7400016784668,38.58000183105469,37824200,39.02000045776367,37.779998779296875,37.779998779296875
2022-06-29,37.02000045776367,37.540000915527344,25437200,37.599998474121094,37.290000915527344,37.290000915527344
2022-06-30,36.72999954223633,37.209999084472656,35141000,38.0,37.40999984741211,37.40999984741211
2022-07-01,35.880001068115234,37.09000015258789,40596300,37.20000076293945,36.34000015258789,36.34000015258789
2022-07-05,35.540000915527344,35.93000030517578,33215000,36.7400016784668,36.689998626708984,36.689998626708984
2022-07-06,36.459999084472656,36.81999969482422,26258300,37.41999816894531,36.9900016784668,36.9900016784668
2022-07-07,37.72999954223633,37.88999938964844,33165400,38.33000183105469,38.13999938964844,38.13999938964844
2022-07-08,37.38999938964844,37.65999984741211,22566300,38.13999938964844,37.9900016784668,37.9900016784668
2022-07-11,37.029998779296875,37.65999984741211,25904300,37.66999816894531,37.20000076293945,37.20000076293945
2022-07-12,36.9900016784668,37.650001525878906,30546300,37.70000076293945,37.209999084472656,37.209999084472656
2022-07-13,36.619998931884766,36.68000030517578,27059200,37.43000030517578,37.209999084472656,37.209999084472656
2022-07-14,36.290000915527344,36.9900016784668,36690700,38.15999984741211,37.709999084472656,37.709999084472656
2022-07-15,37.72999954223633,38.27000045776367,32892300,38.66999816894531,38.619998931884766,38.619998931884766
2022-07-18,38.529998779296875,39.099998474121094,30814400,39.34000015258789,38.709999084472656,38.709999084472656
2022-07-19,39.2400016784668,39.31999969482422,53095300,40.72999954223633,40.220001220703125,40.220001220703125
2022-07-20,39.560001373291016,40.209999084472656,36387900,40.66999816894531,40.560001373291016,40.560001373291016
2022-07-21,39.81999969482422,40.5099983215332,29661200,40.650001525878906,40.61000061035156,40.61000061035156
2022-07-22,38.939998626708984,40.369998931884766,41350000,40.5099983215332,39.20000076293945,39.20000076293945
2022-07-25,38.54999923706055,39.279998779296875,32263400,39.40999984741211,39.15999984741211,39.15999984741211
2022-07-26,38.880001068115234,39.099998474121094,35925500,39.56999969482422,38.959999084472656,38.959999084472656
2022-07-27,39.22999954223633,39.27000045776367,42571600,40.41999816894531,40.18000030517578,40.18000030517578
2022-07-28,39.040000915527344,40.09000015258789,56662300,40.119998931884766,39.709999084472656,39.709999084472656
2022-07-29,35.2400016784668,35.599998474121094,125292400,36.619998931884766,36.310001373291016,36.310001373291016
2022-08-01,36.04999923706055,36.04999923706055,52513400,37.689998626708984,36.959999084472656,36.959999084472656
2022-08-02,36.0,36.59000015258789,53929400,36.65999984741211,36.0099983215332,36.0099983215332
2022-08-03,35.2599983215332,36.09000015258789,59513900,36.59000015258789,36.52000045776367,36.52000045776367
2022-08-04,35.36000061035156,36.0099983215332,54046300,36.099998474121094,35.65999984741211,35.65999984741211
2022-08-05,35.18000030517578,35.349998474121094,40205100,35.689998626708984,35.38999938964844,35.38999938964844
2022-08-08,35.20000076293945,35.36000061035156,41534600,35.959999084472656,35.380001068115234,35.380001068115234
2022-08-09,34.400001525878906,35.220001220703125,48202300,35.29999923706055,34.52000045776367,34.52000045776367
2022-08-10,34.59000015258789,34.9900016784668,42243300,35.400001525878906,35.369998931884766,35.369998931884766
2022-08-11,35.4900016784668,35.63999938964844,35569700,36.290000915527344,35.59000015258789,35.59000015258789
2022-08-12,35.66999816894531,35.79999923706055,37675200,36.13999938964844,36.11000061035156,36.11000061035156
2022-08-15,35.709999084472656,36.099998474121094,25400600,36.43000030517578,36.34000015258789,36.34000015258789
2022-08-16,35.70000076293945,36.15999984741211,25000200,36.58000183105469,36.189998626708984,36.189998626708984
2022-08-17,35.27000045776367,35.810001373291016,29176100,36.08000183105469,35.779998779296875,35.779998779296875
2022-08-18,35.56999969482422,35.68000030517578,24598200,36.33000183105469,36.20000076293945,36.20000076293945
2022-08-19,35.189998626708984,35.79999923706055,31425500,36.029998779296875,35.380001068115234,35.380001068115234
2022-08-22,33.72999954223633,35.0,51006100,35.060001373291016,33.84000015258789,33.84000015258789
2022-08-23,33.90999984741211,33.97999954223633,30687100,34.38999938964844,33.95000076293945,33.95000076293945
2022-08-24,33.599998474121094,33.970001220703125,25105700,33.9900016784668,33.86000061035156,33.86000061035156
2022-08-25,33.81999969482422,33.869998931884766,29799100,34.93000030517578,34.88999938964844,34.88999938964844
2022-08-26,33.349998474121094,34.95000076293945,44851500,35.029998779296875,33.36000061035156,33.36000061035156
2022-08-29,32.810001373291016,33.22999954223633,32976800,33.40999984741211,32.939998626708984,32.939998626708984
2022-08-30,32.150001525878906,33.040000915527344,40182500,33.06999969482422,32.2599983215332,32.2599983215332
2022-08-31,31.770000457763672,32.38999938964844,44074500,32.38999938964844,31.920000076293945,31.920000076293945
2022-09-01,31.1299991607666,31.56999969482422,36440700,31.829999923706055,31.760000228881836,31.760000228881836
2022-09-02,31.059999465942383,32.209999084472656,34893300,32.380001068115234,31.219999313354492,31.219999313354492
2022-09-06,30.329999923706055,31.38999938964844,46989600,31.38999938964844,30.36000061035156,30.36000061035156
2022-09-07,30.049999237060547,30.420000076293945,37329500,30.790000915527344,30.649999618530273,30.649999618530273
2022-09-08,29.90999984741211,30.3700008392334,37359500,30.850000381469727,30.75,30.75
2022-09-09,31.079999923706055,31.190000534057617,34069500,31.5,31.459999084472656,31.459999084472656
2022-09-12,31.100000381469727,31.739999771118164,38305500,31.86000061035156,31.559999465942383,31.559999465942383
2022-09-13,29.25,30.829999923706055,71417900,30.93000030517578,29.290000915527344,29.290000915527344
2022-09-14,29.010000228881836,29.549999237060547,40767200,29.770000457763672,29.18000030517578,29.18000030517578
2022-09-15,28.709999084472656,29.149999618530273,39919100,29.40999984741211,28.84000015258789,28.84000015258789
2022-09-16,28.420000076293945,28.700000762939453,72748000,29.31999969482422,29.239999771118164,29.239999771118164
2022-09-19,28.899999618530273,29.020000457763672,33151900,29.5,29.440000534057617,29.440000534057617
2022-09-20,28.709999084472656,29.06999969482422,31129000,29.170000076293945,28.959999084472656,28.959999084472656
2022-09-21,28.459999084472656,29.149999618530273,39977300,29.59000015258789,28.469999313354492,28.469999313354492
2022-09-22,28.040000915527344,28.399999618530273,36092700,28.5,28.06999969482422,28.06999969482422
2022-09-23,27.190000534057617,27.899999618530273,43491100,27.899999618530273,27.520000457763672,27.520000457763672
2022-09-26,26.86000061035156,27.559999465942383,44786400,27.700000762939453,26.969999313354492,26.969999313354492
2022-09-27,26.6200008392334,27.399999618530273,44121400,27.600000381469727,26.88999938964844,26.88999938964844
2022-09-28,26.600000381469727,26.86000061035156,40433400,27.280000686645508,27.1299991607666,27.1299991607666
2022-09-29,26.190000534057617,26.780000686645508,41831300,26.780000686645508,26.3799991607666,26.3799991607666
2022-09-30,25.739999771118164,26.299999237060547,43821000,26.56999969482422,25.770000457763672,25.770000457763672
2022-10-03,26.06999969482422,26.329999923706055,44096200,27.25,26.969999313354492,26.969999313354492
2022-10-04,27.09000015258789,27.43000030517578,42427500,27.799999237060547,27.700000762939453,27.700000762939453
2022-10-05,26.88999938964844,27.3700008392334,30120000,27.84000015258789,27.63999938964844,27.63999938964844
2022-10-06,27.0,27.440000534057617,33985100,27.760000228881836,27.18000030517578,27.18000030517578
2022-10-07,25.649999618530273,26.170000076293945,57215500,26.280000686645508,25.719999313354492,25.719999313354492
2022-10-10,25.09000015258789,25.940000534057617,43409300,25.989999771118164,25.200000762939453,25.200000762939453
2022-10-11,24.690000534057617,25.010000228881836,48134900,25.479999542236328,25.040000915527344,25.040000915527344
2022-10-12,24.65999984741211,25.049999237060547,39634100,25.520000457763672,25.329999923706055,25.329999923706055
2022-10-13,24.59000015258789,24.729999542236328,62447000,26.84000015258789,26.420000076293945,26.420000076293945
2022-10-14,25.760000228881836,26.459999084472656,48185400,26.6299991607666,25.90999984741211,25.90999984741211
2022-10-17,26.170000076293945,26.309999465942383,39416500,26.75,26.420000076293945,26.420000076293945
2022-10-18,25.540000915527344,26.739999771118164,51126900,26.959999084472656,25.8700008392334,25.8700008392334
2022-10-19,25.690000534057617,25.739999771118164,33882300,26.25,26.0,26.0
2022-10-20,25.950000762939453,26.149999618530273,33247700,26.950000762939453,26.079999923706055,26.079999923706055
2022-10-21,25.790000915527344,25.850000381469727,53058700,27.049999237060547,26.969999313354492,26.969999313354492
2022-10-24,26.520000457763672,26.75,43831600,27.479999542236328,27.18000030517578,27.18000030517578
2022-10-25,27.0,27.18000030517578,32205300,27.559999465942383,27.40999984741211,27.40999984741211
2022-10-26,26.989999771118164,27.190000534057617,37111100,27.799999237060547,27.209999084472656,27.209999084472656
2022-10-27,26.1299991607666,27.450000762939453,56305100,27.59000015258789,26.270000457763672,26.270000457763672
2022-10-28,27.86000061035156,28.18000030517578,91695700,29.219999313354492,29.06999969482422,29.06999969482422
2022-10-31,28.049999237060547,29.079999923706055,59507700,29.18000030517578,28.43000030517578,28.43000030517578
2022-11-01,27.88999938964844,28.799999237060547,44418700,28.850000381469727,28.299999237060547,28.299999237060547
2022-11-02,27.40999984741211,28.270000457763672,51956100,28.850000381469727,27.420000076293945,27.420000076293945
2022-11-03,27.170000076293945,27.450000762939453,39678200,27.8799991607666,27.38999938964844,27.38999938964844
2022-11-04,27.40999984741211,27.56999969482422,43051900,28.239999771118164,28.200000762939453,28.200000762939453
2022-11-07,27.88999938964844,28.36000061035156,34389800,28.469999313354492,28.40999984741211,28.40999984741211
2022-11-08,27.93000030517578,28.760000228881836,36258000,28.950000762939453,28.479999542236328,28.479999542236328
2022-11-09,27.520000457763672,28.219999313354492,30544800,28.299999237060547,27.520000457763672,27.520000457763672
2022-11-10,28.649999618530273,28.8799991607666,62943900,29.829999923706055,29.760000228881836,29.760000228881836
2022-11-11,28.8700008392334,28.93000030517578,49826500,30.6299991607666,30.43000030517578,30.43000030517578
2022-11-14,30.18000030517578,30.34000015258789,39395300,30.989999771118164,30.350000381469727,30.350000381469727
2022-11-15,30.170000076293945,31.100000381469727,40933200,31.34000015258789,30.709999084472656,30.709999084472656
2022-11-16,29.440000534057617,30.11000061035156,35582800,30.229999542236328,29.530000686645508,29.530000686645508
2022-11-17,29.0,29.06999969482422,31983300,29.950000762939453,29.88999938964844,29.88999938964844
2022-11-18,29.61000061035156,30.260000228881836,27122200,30.260000228881836,29.8700008392334,29.8700008392334
2022-11-21,28.90999984741211,29.65999984741211,36086800,29.719999313354492,28.940000534057617,28.940000534057617
2022-11-22,29.059999465942383,29.13999938964844,25584100,29.86000061035156,29.81999969482422,29.81999969482422
2022-11-23,29.489999771118164,29.729999542236328,23143900,30.079999923706055,29.670000076293945,29.670000076293945
2022-11-25,29.34000015258789,29.68000030517578,11314900,29.68000030517578,29.34000015258789,29.34000015258789
2022-11-28,28.540000915527344,29.100000381469727,28267900,29.190000534057617,28.729999542236328,28.729999542236328
2022-11-29,28.739999771118164,28.850000381469727,24361500,29.18000030517578,28.899999618530273,28.899999618530273
2022-11-30,28.219999313354492,28.770000457763672,72030000,30.079999923706055,30.06999969482422,30.06999969482422
2022-12-01,29.520000457763672,30.239999771118164,38896300,30.479999542236328,29.829999923706055,29.829999923706055
2022-12-02,28.709999084472656,29.170000076293945,31533900,29.43000030517578,29.40999984741211,29.40999984741211
2022-12-05,28.88999938964844,29.420000076293945,34040400,29.75,29.170000076293945,29.170000076293945
2022-12-06,28.34000015258789,29.190000534057617,27701200,29.309999465942383,28.600000381469727,28.600000381469727
2022-12-07,28.149999618530273,28.280000686645508,28239900,28.549999237060547,28.329999923706055,28.329999923706055
2022-12-08,28.06999969482422,28.31999969482422,28486100,28.600000381469727,28.440000534057617,28.440000534057617
2022-12-09,28.190000534057617,28.38999938964844,25634600,28.780000686645508,28.239999771118164,28.239999771118164
2022-12-12,27.858800888061523,28.1299991607666,8355911,28.219999313354492,28.11549949645996,28.11549949645996
